﻿<?xml version="1.0" encoding="utf-8" ?>
<!-- 
  Interpreter for Anno 2070 Fc Files
-->
<Converts>
  <InternalCompression />
  <Converts>
    <Convert Path ="//GuidVariationList" Type ="Int32" Structure ="Cdata"/>
    <Convert Path ="//m_SequenceIds" Type ="Int32" Structure ="Cdata"/>
    <Convert Path ="//DummyGroup" Type ="Int32" Structure ="Cdata"/>
    <Convert Path ="//ValidSequenceIDs" Type ="Int32" Structure ="Cdata"/>
    <Convert Path ="//Position" Type ="Int32" Structure ="Cdata"/>
    <Convert Path ="//Extents" Type ="Int32" Structure ="Cdata"/>
    <Convert Path ="//i" Type ="Int32" Structure ="Cdata"/>
  </Converts>
</Converts>